id,first_name,last_name,email,created_at
"c1ec916b-49e4-4315-82af-757e78c9d337","DT","Superuser","admin@dtn.asu.edu","2025-04-02T21:19:44.838845+00:00"
"8f0fb8ef-48c9-455a-961c-d2b80e9e3159","Patrick","Williams","zrocha@example.net","2025-04-02T21:14:58.526557+00:00"
"b7526fb4-0b1d-47da-b76a-f04e4287c387","Charles","Quinn","connie34@example.net","2025-04-02T21:14:58.526557+00:00"
"9c0bfb9f-8f01-47e1-8c32-8f164dad7bca","Nichole","Stewart","amanda26@example.com","2025-04-02T21:14:58.526557+00:00"
"44412e35-c9df-47d5-90fc-23433fe9c516","Victor","Liu","christopherrose@example.com","2025-04-02T21:14:58.526557+00:00"
"68856285-3e9b-4e8e-8342-efefba4a3791","Kenneth","Walker","tpowell@example.net","2025-04-02T21:14:58.526557+00:00"
"4130b7aa-d669-43f2-9279-99d4afd5b8b7","Jerry","Baker","heather30@example.com","2025-04-02T21:14:58.526557+00:00"
"517aaacc-6add-45de-b08e-ad88590fc5e9","Jill","Cook","kimberlysutton@example.net","2025-04-02T21:14:58.526557+00:00"
"60845df0-5c1d-4151-b57b-c6aab071deaf","Alexis","Evans","lwashington@example.com","2025-04-02T21:14:58.526557+00:00"
"cdd1096d-9c3c-4a4e-b623-3389c02c1795","Ashley","Williams","robertford@example.com","2025-04-02T21:14:58.526557+00:00"
"6dac6a27-ad3b-4aeb-b640-eeffaec9b07a","Wendy","Flores","vjohnson@example.net","2025-04-02T21:14:58.526557+00:00"
"b7c76e5b-0686-414d-87c8-ee6f45632441","Rebecca","Sellers","stephanie44@example.net","2025-04-02T21:14:58.526557+00:00"
"2ecdb882-79f5-466a-a8c7-45466b553907","Allison","Wong","stevenpatterson@example.net","2025-04-02T21:14:58.526557+00:00"
"c434727d-f091-4958-934c-a9b6523344a3","Denise","Brown","nelsondeborah@example.net","2025-04-02T21:14:58.526557+00:00"
"f6902bb4-912d-4c83-bc83-610a93d301a0","Laura","Chandler","xhale@example.net","2025-04-02T21:14:58.526557+00:00"
"bd9570a4-879f-4208-83fa-7d7f6229a8cf","David","Church","nicole33@example.net","2025-04-02T21:14:58.526557+00:00"
"65799df3-5a7d-41e2-a004-33c80c9c9340","Hailey","Schmidt","kramerdaniel@example.com","2025-04-02T21:14:58.526557+00:00"
"ca645a56-74b6-498e-9587-2e5a933cf35a","Erika","Ochoa","iyu@example.com","2025-04-02T21:14:58.526557+00:00"
"e5c2511c-a165-441f-83f6-0e94ca430b6d","Lisa","Levy","ryan61@example.com","2025-04-02T21:14:58.526557+00:00"
"05be0759-bf51-4ee7-9209-bfd8bef4e235","David","Pratt","bentonkent@example.com","2025-04-02T21:14:58.526557+00:00"
"f1e7fd8f-436b-4e2f-ad7c-0f20069cea5d","Justin","Anderson","mary52@example.org","2025-04-02T21:14:58.526557+00:00"
"5fd46266-a34b-4522-8139-dd4ead1435fe","Natalie","King","sharon71@example.com","2025-04-02T21:14:58.526557+00:00"
"efe0558e-6a0d-465f-97ae-1c2b292ec713","John","Santiago","sharonstewart@example.org","2025-04-02T21:14:58.526557+00:00"
"05f86f2f-0c8b-49ee-9927-764c79461ba6","Nancy","Mitchell","burnsmichael@example.org","2025-04-02T21:14:58.526557+00:00"
"d0c40dd5-af84-4296-ac2c-f47a88317301","Samuel","Moody","rowlanddaniel@example.com","2025-04-02T21:14:58.526557+00:00"
"6990f493-6fc1-4b89-ba4c-f194acd8f6f1","Lydia","Lamb","alec67@example.net","2025-04-02T21:14:58.526557+00:00"
"5d711e55-4a04-41a8-9970-0d154ab657de","William","Knapp","dwalker@example.com","2025-04-02T21:14:58.526557+00:00"
"6cb7749f-81f5-4278-9683-182f4a85cb2f","Jeffrey","Acevedo","petersoncrystal@example.org","2025-04-02T21:14:58.526557+00:00"
"3bb5e1c0-ab74-4f30-952a-a78c0cab2d09","Mandy","Preston","xsnyder@example.org","2025-04-02T21:14:58.526557+00:00"
"4b6b45f7-9b7c-4f77-8c8a-8e2eae6aa9a6","Kenneth","Williams","powellbrandon@example.com","2025-04-02T21:14:58.526557+00:00"
"00c8b91c-3ceb-42f3-815d-cd6e399ac00d","John","Jones","rosalesjesse@example.net","2025-04-02T21:14:58.526557+00:00"
"78cfd719-d4d3-4906-b910-e145a6185ca4","Zachary","Norris","vcook@example.com","2025-04-02T21:14:58.526557+00:00"
"c2eaffab-fc47-4d3a-a08a-b8ff63523f13","Paige","Hansen","xsharp@example.com","2025-04-02T21:14:58.526557+00:00"
"38ff1584-ef0c-42d2-8a3d-5ee6fff8b7fb","Destiny","Gibson","nancymorgan@example.net","2025-04-02T21:14:58.526557+00:00"
"484ee37f-9a89-4902-bea7-3de634c9a0e2","Theresa","Schroeder","sbeard@example.com","2025-04-02T21:14:58.526557+00:00"
"233ef9c2-6dc8-45bd-a7cc-f115d03bd853","Christina","Zhang","frank11@example.com","2025-04-02T21:14:36.427815+00:00"
"e1fbee97-d987-4449-a330-be5558d05f28","Martha","Hamilton","xavierbarnes@example.com","2025-04-02T21:14:36.427815+00:00"
"809006ce-bf9f-4fd7-83f2-ff5c3c1aa8d2","John","Reyes","lauraparks@example.com","2025-04-02T21:14:36.427815+00:00"
"efcac00c-7f11-4ac3-b900-720c277f3e8f","Connor","Washington","jeffrey30@example.org","2025-04-02T21:14:36.427815+00:00"
"51dde71b-072d-4285-9a7a-094ad81623de","Erica","Morales","jameszhang@example.com","2025-04-02T21:14:36.427815+00:00"
"f4d6b3f9-9530-47a5-90a8-e6f890fd2903","Cynthia","Sloan","norma30@example.net","2025-04-02T21:14:36.427815+00:00"
"d2b64387-5323-4b68-ab81-5e0ecab42e3d","Adam","Madden","charleshines@example.com","2025-04-02T21:14:36.427815+00:00"
"d002cc51-15b4-43ea-b19c-1d8e1738c162","Sara","Allen","jamesblair@example.net","2025-04-02T21:14:36.427815+00:00"
"c7ebf448-2a5d-49bb-b74e-61040ad0a964","Ashley","Wilkins","shannon22@example.org","2025-04-02T21:14:36.427815+00:00"
"303ccf8f-9a2a-4704-96b9-9c39b35f2f0a","Johnny","Nguyen","frivera@example.net","2025-04-02T21:14:36.427815+00:00"
"a9a72a0f-0f95-4e15-9dc8-7c60e80141ae","Bryce","Mendoza","michael64@example.org","2025-04-02T21:14:36.427815+00:00"
"7db02d6f-b489-4e85-b6cd-456c3951332a","Abigail","Rios","manuel72@example.org","2025-04-02T21:14:36.427815+00:00"
"f62b3ac9-ed46-4c37-8fb8-7eea65ea1148","Richard","Black","yavila@example.org","2025-04-02T21:14:36.427815+00:00"
"c8d399ae-6add-49cf-bf35-1bcc48b2ebd9","Justin","Wilson","margaretsmith@example.com","2025-04-02T21:14:36.427815+00:00"
"5b55de6b-c543-4d66-a0d8-df6daf76aa21","Sarah","Stephenson","njohnson@example.com","2025-04-02T21:14:36.427815+00:00"
"4e7b9baf-afe1-40e6-b6bc-5bc903cad0bf","Steven","Cisneros","edwardthompson@example.com","2025-04-02T21:14:36.427815+00:00"
"1ee0e14e-8a97-490f-bc9e-3ae178719cbe","Tricia","Gardner","david88@example.com","2025-04-02T21:14:36.427815+00:00"
"1dc54790-9f43-49b6-ad5a-659b52e991a1","Kyle","Brown","marcusgentry@example.net","2025-04-02T21:14:36.427815+00:00"
"d5dd951c-be7f-46f5-8f25-82528a11e771","Zachary","Flores","devin61@example.com","2025-04-02T21:14:36.427815+00:00"
"bee4de36-4032-4327-bdba-3520fb828165","James","Clements","usavage@example.net","2025-04-02T21:14:15.538847+00:00"
"cebdf905-ded6-47f0-8fa0-e3b75a128e74","Marc","Mullins","ssimpson@example.com","2025-04-02T21:14:15.538847+00:00"
"a9cd0146-2b5f-4e1c-bd90-c706a7dcc5e2","Taylor","Gomez","gwalker@example.net","2025-04-02T21:14:15.538847+00:00"
"fa0ead9c-e1d0-4437-9c75-093d634845b4","Robin","Rios","umiller@example.net","2025-04-02T21:14:15.538847+00:00"
"c2dd20bd-d7c4-4eac-8abc-08ccf43365c9","Hailey","Johnson","christopher49@example.org","2025-04-02T21:14:15.538847+00:00"
"ede5d574-3716-44e0-b9df-fad7688b9073","Carla","Anderson","qchristian@example.net","2025-04-02T21:14:15.538847+00:00"
"b25b68f3-f758-4d8a-b3fd-c4f2ccecce8b","James","Marshall","scott72@example.net","2025-04-02T21:14:15.538847+00:00"
"9fd58f34-8856-4561-ae8e-e1fe58e55d23","David","Nguyen","echristian@example.org","2025-04-02T21:14:15.538847+00:00"
"96a121c3-0513-4755-a9d6-8dd80129c8cf","Amy","Smith","catherine44@example.org","2025-04-02T21:14:15.538847+00:00"
"59604317-0115-430c-85e9-bcf132c9c743","Austin","Smith","robertsmith@example.net","2025-04-02T21:14:15.538847+00:00"
"e224f8ff-6e82-49a0-aff4-f66f13ca5bb3","Renee","Tran","molly19@example.net","2025-04-02T21:14:15.538847+00:00"
"17ad8e62-cc9f-4444-b242-fead5282e388","Garrett","Davis","pshaw@example.net","2025-04-02T21:14:15.538847+00:00"
"afed4f7f-698b-4608-9363-89d9068950d7","Jesse","Kirby","michaelburch@example.com","2025-04-02T21:14:15.538847+00:00"
"11efbece-7cd5-4a7b-9894-7de6a15dd810","Kimberly","Crawford","nelsonmichael@example.com","2025-04-02T21:14:15.538847+00:00"
"820a6bb3-2b2a-4358-9dba-a57a2a90a301","Leslie","Armstrong","rodneyhardy@example.com","2025-04-02T21:14:15.538847+00:00"
"88d035ab-8311-4afa-85bc-5158545d6ec8","Todd","Phillips","gmills@example.org","2025-04-02T21:14:15.538847+00:00"
"c221e195-8c08-4f37-9fef-4d1be176f943","Charles","White","gfoster@example.org","2025-04-02T21:14:15.538847+00:00"
"6af3f87d-8402-44b2-bdb4-a4e60bc47869","Daniel","Porter","anita38@example.net","2025-04-02T21:14:15.538847+00:00"
"cf462449-b65a-4d99-b09f-e342f9401802","Matthew","Boyer","qsmith@example.net","2025-04-02T21:14:15.538847+00:00"
"7a46645a-866b-4005-9c99-c0bada922475","Eric","Garcia","mlowe@example.org","2025-04-02T21:14:15.538847+00:00"
"4c56cb7d-656c-4804-9721-bbb06b55a58f","Rebecca","Murray","lmoore@example.org","2025-04-02T21:14:15.538847+00:00"
"ee129e79-7b03-4022-9b4b-fa3d6bb1aae8","Christina","Woods","porterwilliam@example.org","2025-04-02T21:14:15.538847+00:00"
"0a10d9fe-7da4-45de-a924-231c114d1257","Jill","Oliver","lewiskeith@example.org","2025-04-02T21:14:15.538847+00:00"
"1d841c7f-12fa-4304-bc9c-e181b0be906b","Amanda","Lopez","jacobsmichael@example.com","2025-04-02T21:14:15.538847+00:00"
"80e4d0a2-b968-4d9d-b377-d7e6d60cb529","Lawrence","Kaufman","wharrison@example.org","2025-04-02T21:13:54.627187+00:00"
"b2ec81c8-5280-4ee4-9ac4-e722058fcbec","Gary","Terry","barbarabarr@example.com","2025-04-02T21:13:54.627187+00:00"
"4d71974a-b1d4-435e-8dc4-9aac473527cb","Courtney","Cox","mcmahonhannah@example.org","2025-04-02T21:13:54.627187+00:00"
"8e4f44a7-1403-4f3c-ae5c-7b8da73b0879","Brittney","Harrison","owilliams@example.net","2025-04-02T21:13:54.627187+00:00"
"a20940b8-0d95-471d-88d0-78bcaf202e79","Hannah","Spencer","robertwaller@example.org","2025-04-02T21:13:54.627187+00:00"
"441a7ec3-714a-4430-b814-8168d437b797","Ryan","Wright","woodsarah@example.net","2025-04-02T21:13:54.627187+00:00"
"004ba03d-f7c2-4897-9104-fefea3c701d0","Carly","Spencer","martinjoseph@example.org","2025-04-02T21:13:54.627187+00:00"
"ec145008-1619-4b28-acef-a9ac729f5a35","Lauren","Smith","michaelesparza@example.net","2025-04-02T21:13:54.627187+00:00"
"ff235f3b-5660-43d5-8115-ecb2ad0b2124","Kimberly","Williams","evansjacob@example.net","2025-04-02T21:13:54.627187+00:00"
"5ccf6a7d-6490-4fa7-aeea-06155b8b487a","Rebecca","Carlson","mooneybobby@example.com","2025-04-02T21:13:54.627187+00:00"
"7da2ff3f-4faa-47ce-aa42-9aa9d8dba5da","Donald","Munoz","thebert@example.com","2025-04-02T21:13:54.627187+00:00"
"ce550c4f-d815-4800-811f-fcaf3e36edf8","David","Wu","aaronbaker@example.org","2025-04-02T21:13:54.627187+00:00"
"b1300955-e686-4ff3-a11c-fd2dc0b7df81","Joseph","Nguyen","zmoore@example.com","2025-04-02T21:13:54.627187+00:00"
"ea702c94-61cd-46dd-ae08-e9d340f22555","Angela","Smith","heatherwagner@example.com","2025-04-02T21:13:54.627187+00:00"
"f85c61a6-3a5c-42b0-a960-d65f4eeddd73","Amanda","Park","collinsjohn@example.net","2025-04-02T21:13:54.627187+00:00"
"7db81604-b084-40a4-abe6-32cf888b455a","Sean","Mullen","wbush@example.com","2025-04-02T21:13:54.627187+00:00"
"4513989e-9797-4232-aba7-69a3dda5a377","Barbara","Mercer","olivershannon@example.org","2025-04-02T21:13:54.627187+00:00"
"ff2dbebf-9b1b-4ed7-8d21-dbaf0ae90b58","Kelly","George","sara36@example.com","2025-04-02T21:13:54.627187+00:00"
"0a8a4fb2-5b57-4b86-8bea-898dcc425a41","Kim","Rose","jennifernicholson@example.com","2025-04-02T21:13:54.627187+00:00"
"07aca1cb-84c8-4c82-a5d0-1bd60b0c5ff3","Jeffrey","Flores","imadden@example.org","2025-04-02T21:13:54.627187+00:00"
"677c59dc-b7f1-4a52-9206-7bb738fe0f2f","Joshua","Jones","jeremy34@example.com","2025-04-02T21:13:54.627187+00:00"
"4eb16051-41a0-475b-bd79-6e8fb0768a61","Michelle","Taylor","logankaitlyn@example.net","2025-04-02T21:13:54.627187+00:00"
"6c9820fd-4a4b-46de-895e-dc5910992468","Timothy","Moyer","kimberly34@example.com","2025-04-02T21:13:54.627187+00:00"
"dc80f668-f53d-4c67-81e4-870c713a5ea2","Jason","Phillips","leslievargas@example.org","2025-04-02T21:13:54.627187+00:00"
"673bff25-96e3-4056-a8fe-31d943fe62b2","Pamela","Morris","bryangutierrez@example.net","2025-04-02T21:13:54.627187+00:00"
"b1936c2c-e51b-45cc-817b-5358ee8db104","William","Khan","whiterebecca@example.org","2025-04-02T21:13:54.627187+00:00"
"87e43b62-3262-4750-86c0-fff51138bf69","James","Alvarez","ujames@example.net","2025-04-02T21:13:54.627187+00:00"
"ac30e453-8735-4780-b80d-645a9f83c203","Juan","Stevens","qpadilla@example.net","2025-04-02T21:13:34.056401+00:00"
"1a5eece9-12ce-426e-819e-789089fd4c58","Travis","Jones","browntimothy@example.com","2025-04-02T21:13:34.056401+00:00"
"2190ef74-8f8d-4e26-bc02-877ed871a695","Diane","Rhodes","billy49@example.org","2025-04-02T21:13:34.056401+00:00"
"7d8e83f8-81c1-48a4-9d42-cf67127bafe7","Gregory","Newman","wendybailey@example.org","2025-04-02T21:13:34.056401+00:00"
"1ead4ab1-6af4-4fec-a7ca-a0a2c34d79e5","Jessica","Clark","coledavid@example.com","2025-04-02T21:13:34.056401+00:00"
"7709d522-1429-47e8-b62b-bb67dcf01434","Allen","Johnson","markadams@example.net","2025-04-02T21:13:34.056401+00:00"
"0e085b55-d8d6-47ce-bbb5-14fe85c211df","Sharon","Cabrera","tina42@example.net","2025-04-02T21:13:34.056401+00:00"
"67e388cc-1c08-4c03-924d-abedd6ec8b3c","Linda","Thomas","henryashley@example.com","2025-04-02T21:13:34.056401+00:00"
"afd17a97-d0aa-45e1-b751-3786f96c219d","Timothy","Miller","omiller@example.com","2025-04-02T21:13:34.056401+00:00"
"f6cb7e51-b618-4f51-a951-763722d6ea98","Samuel","Durham","briandaniel@example.org","2025-04-02T21:13:34.056401+00:00"
"342efa85-bb7e-4d58-9f60-ff5fd78c5185","Samantha","Morales","martinezjeremy@example.org","2025-04-02T21:13:34.056401+00:00"
"10398dd1-04ef-4689-914b-c9a1b23f12c0","Paige","Martinez","christopher69@example.net","2025-04-02T21:13:34.056401+00:00"
"12e7f066-1820-4891-a394-ce5accd69744","Tom","Stevens","mwade@example.com","2025-04-02T21:13:34.056401+00:00"
"dd84012c-ae1b-4cbf-9aff-9985230eff7b","Brent","Williams","markcarter@example.com","2025-04-02T21:13:34.056401+00:00"
"718a50aa-2281-4413-864e-ca3ab6c18033","Nicholas","Patel","vrios@example.org","2025-04-02T21:13:34.056401+00:00"
"a3383857-7641-4ed1-be53-958ab62aedcb","Sheila","Martinez","brianpowers@example.com","2025-04-02T21:13:34.056401+00:00"
"c79df2de-2068-4151-81bb-598e90b97da4","Adrian","Romero","whitedeanna@example.org","2025-04-02T21:13:34.056401+00:00"
"7d36bc51-b1d9-4f83-8608-8c5353b94e14","Jack","Pierce","phillipskristin@example.com","2025-04-02T21:13:34.056401+00:00"
"37079b9d-ad95-4856-9962-7a2c9906d100","Jennifer","Sanchez","christinewilliams@example.org","2025-04-02T21:13:34.056401+00:00"
"c964f4c1-5cbc-46dc-87f7-eaf43d838fb4","Andrew","Jefferson","dukerichard@example.net","2025-04-02T21:13:34.056401+00:00"
"80158407-16a5-4dcd-bb27-cdb617153fde","Victoria","Watkins","stacyspencer@example.com","2025-04-02T21:13:34.056401+00:00"
"b4765cc3-efa1-4c08-9ab9-4b99e7d88d9f","Steven","Erickson","wking@example.org","2025-04-02T20:29:36.031143+00:00"
"af62bfb9-02e3-4b92-a155-ab1db7916dbc","Marco","Barnes","handerson@example.org","2025-04-02T20:28:04.085709+00:00"
"8dfb8257-36d4-442b-aecb-772be7d9eece","Brian","Cline","benjaminjackson@example.org","2025-04-02T20:27:28.440888+00:00"
"071a3fe0-c35a-4212-b9ea-e566419bc5c5","Ryan","Williams","garneramanda@example.net","2025-04-02T20:14:04.927299+00:00"
"743b95bc-02f0-4435-afa2-8e5d85a89402","Louis","Turner","robert74@example.org","2025-04-02T20:12:37.025858+00:00"
"85ff8b16-4a99-4d04-a6f1-72f5a0d56301","Julie","Nelson","dmurphy@example.net","2025-04-02T20:12:25.337033+00:00"
"32f867be-2424-4d7a-9a29-a7029388c8d7","Sarah","Mathews","bethany89@example.org","2025-04-02T20:10:44.546942+00:00"
"df284da2-7410-4072-944e-4d36de795b2d","Austin","Reed","david80@example.net","2025-04-02T20:09:09.246770+00:00"
"a1d31eb3-53b4-4195-9ce1-31297a872e6b","Charlene","Smith","warren13@example.org","2025-04-02T20:07:19.929977+00:00"
"c54b6c56-5ef2-480e-9a14-14062a676b46","Anthony","Johnson","gloverbrandon@example.com","2025-04-02T20:07:19.704953+00:00"
"22a534a2-c5f6-4535-aaee-b1cff18fb767","Brandon","Hill","wgrant@example.org","2025-04-02T20:07:19.704953+00:00"
"bfafd809-7bae-4999-81af-7fe80d61cede","Traci","Bailey","robertcook@example.com","2025-04-02T20:06:54.253406+00:00"
"a270981f-85a4-4808-b080-d5baf8faf62d","Stephen","Hays","mirandafox@example.org","2025-04-02T20:04:59.826286+00:00"
"53b1baba-7637-4cf1-8145-e131f7042bac","Tony","Martinez","utaylor@example.com","2025-04-02T20:04:59.826286+00:00"
"3a339998-d7a8-423b-9719-fc62dfcf9c5f","Cynthia","Peterson","jefferymitchell@example.net","2025-04-02T20:02:32.938606+00:00"
"1be7fec3-a3d2-439b-ad5a-680aa93d0d3c","Zachary","Garcia","bryan28@example.com","2025-04-02T20:01:00.353579+00:00"
"549363f5-aae3-4d54-aeed-b446e74675be","Angela","Potts","qking@example.net","2025-04-02T20:01:00.112313+00:00"
"7ff3a43a-c4dc-4433-a9b2-c1e91707bcb2","Aaron","Griffin","joshuanunez@example.org","2025-04-02T20:00:45.769125+00:00"
"b3eadf61-2af9-4e80-84f6-cf15ab734955","Brian","Taylor","gabriela47@example.net","2025-04-02T20:00:45.769125+00:00"
"2c690321-3a44-4c91-a30a-ddced6ff2fbe","Johnny","Cox","kyletorres@example.com","2025-04-02T20:00:45.769125+00:00"
"53c4591f-2aea-43ba-a014-9dc7623329fa","Cassandra","Owens","annettelamb@example.org","2025-04-02T19:50:24.060038+00:00"
"81e3bfcf-1fad-4c82-a277-58615fb4af74","Jeffrey","Brown","pauldickson@example.org","2025-04-02T19:50:23.854313+00:00"
"37eb0a78-699d-4480-a2b8-d618ea2e1134","Joshua","Moss","golson@example.com","2025-04-02T19:50:23.854313+00:00"
"55538cf9-5f5f-4a45-909d-3c6b0713bb30","Monique","Parker","johnharris@example.com","2025-04-02T19:50:02.226028+00:00"
"0fbc3246-9d8d-43c8-9307-b833a818d55c","Hannah","Long","keith16@example.com","2025-04-02T19:50:02.014095+00:00"
"9777c5dd-2017-4b9e-bb54-013b30c86525","Cynthia","Rhodes","dscott@example.org","2025-04-02T19:22:26.055032+00:00"
"9df29ab7-8d73-41b2-8452-17f3f5b25d0f","Michael","Harvey","twalters@example.org","2025-04-02T19:22:25.835296+00:00"
"341936a5-667e-4d9b-871a-d0e32ad5a2ac","Brandon","Parker","qrichardson@example.net","2025-04-02T19:22:25.835296+00:00"
"3f380a27-fea1-482e-ab09-1aa358003e40","Nathan","Mercado","elizabethking@example.com","2025-04-02T19:22:25.835296+00:00"
"4eb2fc30-4e97-411d-af9a-de3cf8e7934d","Lucas","Watson","kellyjessica@example.com","2025-04-02T19:22:25.835296+00:00"
"f49dda90-bfb2-4e1d-a609-402c02579a79","Teresa","Berg","marcus43@example.com","2025-04-02T19:19:48.131128+00:00"
"d94bc829-ed82-4e3f-920a-24a6188c5836","Charles","Jordan","ronaldfrank@example.net","2025-04-02T19:19:47.911341+00:00"
"52e63680-9d13-42c7-b784-316d234943af","Shannon","Gonzales","omartinez@example.net","2025-04-02T19:19:47.911341+00:00"
"c4fdf180-b705-4eb4-8e51-c6f87a02dba6","Robert","Dickson","michael29@example.net","2025-04-02T19:19:47.911341+00:00"
"d60abef7-4477-4740-b3b1-b8f9e655a0b2","Deborah","Graham","shelly14@example.net","2025-04-02T19:19:47.911341+00:00"
"923b5eb6-03bf-4bcf-aa13-0243c948b172","Sid me","Me","sid@user.com","2025-03-31T23:28:43.041838+00:00"
"15e20499-db78-4db8-9f81-51b55b1ef18a","Sid","Me","sid@me.com","2025-03-31T23:06:41.844364+00:00"
"a5a146d2-4180-44d1-93bd-f5d9de27429d","Dt","Dt","admin@dt.com","2025-03-31T22:29:20.437062+00:00"
"b4765cc3-efa1-4c08-9ab9-4b99e7d88d9f","Steven","Erickson","wking@example.org","2025-04-02T20:29:36.031143+00:00"
"af62bfb9-02e3-4b92-a155-ab1db7916dbc","Marco","Barnes","handerson@example.org","2025-04-02T20:28:04.085709+00:00"
"8dfb8257-36d4-442b-aecb-772be7d9eece","Brian","Cline","benjaminjackson@example.org","2025-04-02T20:27:28.440888+00:00"
"071a3fe0-c35a-4212-b9ea-e566419bc5c5","Ryan","Williams","garneramanda@example.net","2025-04-02T20:14:04.927299+00:00"
"743b95bc-02f0-4435-afa2-8e5d85a89402","Louis","Turner","robert74@example.org","2025-04-02T20:12:37.025858+00:00"
"85ff8b16-4a99-4d04-a6f1-72f5a0d56301","Julie","Nelson","dmurphy@example.net","2025-04-02T20:12:25.337033+00:00"
"32f867be-2424-4d7a-9a29-a7029388c8d7","Sarah","Mathews","bethany89@example.org","2025-04-02T20:10:44.546942+00:00"
"df284da2-7410-4072-944e-4d36de795b2d","Austin","Reed","david80@example.net","2025-04-02T20:09:09.246770+00:00"
"a1d31eb3-53b4-4195-9ce1-31297a872e6b","Charlene","Smith","warren13@example.org","2025-04-02T20:07:19.929977+00:00"
"c54b6c56-5ef2-480e-9a14-14062a676b46","Anthony","Johnson","gloverbrandon@example.com","2025-04-02T20:07:19.704953+00:00"
"22a534a2-c5f6-4535-aaee-b1cff18fb767","Brandon","Hill","wgrant@example.org","2025-04-02T20:07:19.704953+00:00"
"bfafd809-7bae-4999-81af-7fe80d61cede","Traci","Bailey","robertcook@example.com","2025-04-02T20:06:54.253406+00:00"
"a270981f-85a4-4808-b080-d5baf8faf62d","Stephen","Hays","mirandafox@example.org","2025-04-02T20:04:59.826286+00:00"
"53b1baba-7637-4cf1-8145-e131f7042bac","Tony","Martinez","utaylor@example.com","2025-04-02T20:04:59.826286+00:00"
"3a339998-d7a8-423b-9719-fc62dfcf9c5f","Cynthia","Peterson","jefferymitchell@example.net","2025-04-02T20:02:32.938606+00:00"
"1be7fec3-a3d2-439b-ad5a-680aa93d0d3c","Zachary","Garcia","bryan28@example.com","2025-04-02T20:01:00.353579+00:00"
"549363f5-aae3-4d54-aeed-b446e74675be","Angela","Potts","qking@example.net","2025-04-02T20:01:00.112313+00:00"
"7ff3a43a-c4dc-4433-a9b2-c1e91707bcb2","Aaron","Griffin","joshuanunez@example.org","2025-04-02T20:00:45.769125+00:00"
"2c690321-3a44-4c91-a30a-ddced6ff2fbe","Johnny","Cox","kyletorres@example.com","2025-04-02T20:00:45.769125+00:00"
"b3eadf61-2af9-4e80-84f6-cf15ab734955","Brian","Taylor","gabriela47@example.net","2025-04-02T20:00:45.769125+00:00"
"53c4591f-2aea-43ba-a014-9dc7623329fa","Cassandra","Owens","annettelamb@example.org","2025-04-02T19:50:24.060038+00:00"
"37eb0a78-699d-4480-a2b8-d618ea2e1134","Joshua","Moss","golson@example.com","2025-04-02T19:50:23.854313+00:00"
"81e3bfcf-1fad-4c82-a277-58615fb4af74","Jeffrey","Brown","pauldickson@example.org","2025-04-02T19:50:23.854313+00:00"
"55538cf9-5f5f-4a45-909d-3c6b0713bb30","Monique","Parker","johnharris@example.com","2025-04-02T19:50:02.226028+00:00"
"0fbc3246-9d8d-43c8-9307-b833a818d55c","Hannah","Long","keith16@example.com","2025-04-02T19:50:02.014095+00:00"
"9777c5dd-2017-4b9e-bb54-013b30c86525","Cynthia","Rhodes","dscott@example.org","2025-04-02T19:22:26.055032+00:00"
"4eb2fc30-4e97-411d-af9a-de3cf8e7934d","Lucas","Watson","kellyjessica@example.com","2025-04-02T19:22:25.835296+00:00"
"3f380a27-fea1-482e-ab09-1aa358003e40","Nathan","Mercado","elizabethking@example.com","2025-04-02T19:22:25.835296+00:00"
"341936a5-667e-4d9b-871a-d0e32ad5a2ac","Brandon","Parker","qrichardson@example.net","2025-04-02T19:22:25.835296+00:00"
"9df29ab7-8d73-41b2-8452-17f3f5b25d0f","Michael","Harvey","twalters@example.org","2025-04-02T19:22:25.835296+00:00"
"f49dda90-bfb2-4e1d-a609-402c02579a79","Teresa","Berg","marcus43@example.com","2025-04-02T19:19:48.131128+00:00"
"d94bc829-ed82-4e3f-920a-24a6188c5836","Charles","Jordan","ronaldfrank@example.net","2025-04-02T19:19:47.911341+00:00"
"52e63680-9d13-42c7-b784-316d234943af","Shannon","Gonzales","omartinez@example.net","2025-04-02T19:19:47.911341+00:00"
"c4fdf180-b705-4eb4-8e51-c6f87a02dba6","Robert","Dickson","michael29@example.net","2025-04-02T19:19:47.911341+00:00"
"d60abef7-4477-4740-b3b1-b8f9e655a0b2","Deborah","Graham","shelly14@example.net","2025-04-02T19:19:47.911341+00:00"
"923b5eb6-03bf-4bcf-aa13-0243c948b172","sid me","me","sid@user.com","2025-03-31T23:28:43.041838+00:00"
"15e20499-db78-4db8-9f81-51b55b1ef18a","sid","me","sid@me.com","2025-03-31T23:06:41.844364+00:00"
"e76beacf-447e-4492-8005-81256c842e3d","DT","Admin","admin@dtn.asu.edu","2025-03-31T23:04:15.863849+00:00"
"a5a146d2-4180-44d1-93bd-f5d9de27429d","DT","dt","admin@dt.com","2025-03-31T22:29:20.437062+00:00"
