first_name,last_name,email
DT,Superuser,admin@dtn.asu.edu
Patrick,Williams,zrocha@example.net
Charles,Quinn,connie34@example.net
Nichole,Stewart,amanda26@example.com
Victor,Liu,christopherrose@example.com
Kenneth,Walker,tpowell@example.net
Jerry,Baker,heather30@example.com
Jill,Cook,kimberlysutton@example.net
Alexis,Evans,lwashington@example.com
Ashley,Williams,robertford@example.com
Wendy,Flores,vjohnson@example.net
Rebecca,Sellers,stephanie44@example.net
Allison,Wong,stevenpatterson@example.net
Denise,Brown,nelsondeborah@example.net
Laura,Chandler,xhale@example.net
David,Church,nicole33@example.net
Hailey,Schmidt,kramerdaniel@example.com
Erika,Ochoa,iyu@example.com
Lisa,Levy,ryan61@example.com
David,Pratt,bentonkent@example.com
Justin,Anderson,mary52@example.org
Natalie,King,sharon71@example.com
John,Santiago,sharonstewart@example.org
Nancy,Mitchell,burnsmichael@example.org
Samuel,Moody,rowlanddaniel@example.com
Lydia,Lamb,alec67@example.net
William,Knapp,dwalker@example.com
Jeffrey,Acevedo,petersoncrystal@example.org
Mandy,Preston,xsnyder@example.org
Kenneth,Williams,powellbrandon@example.com
John,Jones,rosalesjesse@example.net
Zachary,Norris,vcook@example.com
Paige,Hansen,xsharp@example.com
Destiny,Gibson,nancymorgan@example.net
Theresa,Schroeder,sbeard@example.com
Christina,Zhang,frank11@example.com
Martha,Hamilton,xavierbarnes@example.com
John,Reyes,lauraparks@example.com
Connor,Washington,jeffrey30@example.org
Erica,Morales,jameszhang@example.com
Cynthia,Sloan,norma30@example.net
Adam,Madden,charleshines@example.com
Sara,Allen,jamesblair@example.net
Ashley,Wilkins,shannon22@example.org
Johnny,Nguyen,frivera@example.net
Bryce,Mendoza,michael64@example.org
Abigail,Rios,manuel72@example.org
Richard,Black,yavila@example.org
Justin,Wilson,margaretsmith@example.com
Sarah,Stephenson,njohnson@example.com
Steven,Cisneros,edwardthompson@example.com
Tricia,Gardner,david88@example.com
Kyle,Brown,marcusgentry@example.net
Zachary,Flores,devin61@example.com
James,Clements,usavage@example.net
Marc,Mullins,ssimpson@example.com
Taylor,Gomez,gwalker@example.net
Robin,Rios,umiller@example.net
Hailey,Johnson,christopher49@example.org
Carla,Anderson,qchristian@example.net
James,Marshall,scott72@example.net
David,Nguyen,echristian@example.org
Amy,Smith,catherine44@example.org
Austin,Smith,robertsmith@example.net
Renee,Tran,molly19@example.net
Garrett,Davis,pshaw@example.net
Jesse,Kirby,michaelburch@example.com
Kimberly,Crawford,nelsonmichael@example.com
Leslie,Armstrong,rodneyhardy@example.com
Todd,Phillips,gmills@example.org
Charles,White,gfoster@example.org
Daniel,Porter,anita38@example.net
Matthew,Boyer,qsmith@example.net
Eric,Garcia,mlowe@example.org
Rebecca,Murray,lmoore@example.org
Christina,Woods,porterwilliam@example.org
Jill,Oliver,lewiskeith@example.org
Amanda,Lopez,jacobsmichael@example.com
Lawrence,Kaufman,wharrison@example.org
Gary,Terry,barbarabarr@example.com
Courtney,Cox,mcmahonhannah@example.org
Brittney,Harrison,owilliams@example.net
Hannah,Spencer,robertwaller@example.org
Ryan,Wright,woodsarah@example.net
Carly,Spencer,martinjoseph@example.org
Lauren,Smith,michaelesparza@example.net
Kimberly,Williams,evansjacob@example.net
Rebecca,Carlson,mooneybobby@example.com
Donald,Munoz,thebert@example.com
David,Wu,aaronbaker@example.org
Joseph,Nguyen,zmoore@example.com
Angela,Smith,heatherwagner@example.com
Amanda,Park,collinsjohn@example.net
Sean,Mullen,wbush@example.com
Barbara,Mercer,olivershannon@example.org
Kelly,George,sara36@example.com
Kim,Rose,jennifernicholson@example.com
Jeffrey,Flores,imadden@example.org
Joshua,Jones,jeremy34@example.com
Michelle,Taylor,logankaitlyn@example.net
Timothy,Moyer,kimberly34@example.com
Jason,Phillips,leslievargas@example.org
Pamela,Morris,bryangutierrez@example.net
William,Khan,whiterebecca@example.org
James,Alvarez,ujames@example.net
Juan,Stevens,qpadilla@example.net
Travis,Jones,browntimothy@example.com
Diane,Rhodes,billy49@example.org
Gregory,Newman,wendybailey@example.org
Jessica,Clark,coledavid@example.com
Allen,Johnson,markadams@example.net
Sharon,Cabrera,tina42@example.net
Linda,Thomas,henryashley@example.com
Timothy,Miller,omiller@example.com
Samuel,Durham,briandaniel@example.org
Samantha,Morales,martinezjeremy@example.org
Paige,Martinez,christopher69@example.net
Tom,Stevens,mwade@example.com
Brent,Williams,markcarter@example.com
Nicholas,Patel,vrios@example.org
Sheila,Martinez,brianpowers@example.com
Adrian,Romero,whitedeanna@example.org
Jack,Pierce,phillipskristin@example.com
Jennifer,Sanchez,christinewilliams@example.org
Andrew,Jefferson,dukerichard@example.net
Victoria,Watkins,stacyspencer@example.com
Steven,Erickson,wking@example.org
Marco,Barnes,handerson@example.org
Brian,Cline,benjaminjackson@example.org
Ryan,Williams,garneramanda@example.net
Louis,Turner,robert74@example.org
Julie,Nelson,dmurphy@example.net
Sarah,Mathews,bethany89@example.org
Austin,Reed,david80@example.net
Charlene,Smith,warren13@example.org
Anthony,Johnson,gloverbrandon@example.com
Brandon,Hill,wgrant@example.org
Traci,Bailey,robertcook@example.com
Stephen,Hays,mirandafox@example.org
Tony,Martinez,utaylor@example.com
Cynthia,Peterson,jefferymitchell@example.net
Zachary,Garcia,bryan28@example.com
Angela,Potts,qking@example.net
Aaron,Griffin,joshuanunez@example.org
Brian,Taylor,gabriela47@example.net
Johnny,Cox,kyletorres@example.com
Cassandra,Owens,annettelamb@example.org
Jeffrey,Brown,pauldickson@example.org
Joshua,Moss,golson@example.com
Monique,Parker,johnharris@example.com
Hannah,Long,keith16@example.com
Cynthia,Rhodes,dscott@example.org
Michael,Harvey,twalters@example.org
Brandon,Parker,qrichardson@example.net
Nathan,Mercado,elizabethking@example.com
Lucas,Watson,kellyjessica@example.com
Teresa,Berg,marcus43@example.com
Charles,Jordan,ronaldfrank@example.net
Shannon,Gonzales,omartinez@example.net
Robert,Dickson,michael29@example.net
Deborah,Graham,shelly14@example.net
Sid me,Me,sid@user.com
Sid,Me,sid@me.com
Dt,Dt,admin@dt.com
Steven,Erickson,wking@example.org
Marco,Barnes,handerson@example.org
Brian,Cline,benjaminjackson@example.org
Ryan,Williams,garneramanda@example.net
Louis,Turner,robert74@example.org
Julie,Nelson,dmurphy@example.net
Sarah,Mathews,bethany89@example.org
Austin,Reed,david80@example.net
Charlene,Smith,warren13@example.org
Anthony,Johnson,gloverbrandon@example.com
Brandon,Hill,wgrant@example.org
Traci,Bailey,robertcook@example.com
Stephen,Hays,mirandafox@example.org
Tony,Martinez,utaylor@example.com
Cynthia,Peterson,jefferymitchell@example.net
Zachary,Garcia,bryan28@example.com
Angela,Potts,qking@example.net
Aaron,Griffin,joshuanunez@example.org
Johnny,Cox,kyletorres@example.com
Brian,Taylor,gabriela47@example.net
Cassandra,Owens,annettelamb@example.org
Joshua,Moss,golson@example.com
Jeffrey,Brown,pauldickson@example.org
Monique,Parker,johnharris@example.com
Hannah,Long,keith16@example.com
Cynthia,Rhodes,dscott@example.org
Lucas,Watson,kellyjessica@example.com
Nathan,Mercado,elizabethking@example.com
Brandon,Parker,qrichardson@example.net
Michael,Harvey,twalters@example.org
Teresa,Berg,marcus43@example.com
Charles,Jordan,ronaldfrank@example.net
Shannon,Gonzales,omartinez@example.net
Robert,Dickson,michael29@example.net
Deborah,Graham,shelly14@example.net
sid me,me,sid@user.com
sid,me,sid@me.com
DT,Admin,admin@dtn.asu.edu
DT,dt,admin@dt.com
